{
  "cold_128_run1.json": {
    "n": 1,
    "avg": 395.717717,
    "p50": 395.717717,
    "p95": 395.717717,
    "p99": 395.717717,
    "min": 395.717717,
    "max": 395.717717,
    "std": 0.0
  },
  "cold_128_run2.json": {
    "n": 1,
    "avg": 302.628202,
    "p50": 302.628202,
    "p95": 302.628202,
    "p99": 302.628202,
    "min": 302.628202,
    "max": 302.628202,
    "std": 0.0
  },
  "cold_128_run3.json": {
    "n": 1,
    "avg": 299.876035,
    "p50": 299.876035,
    "p95": 299.876035,
    "p99": 299.876035,
    "min": 299.876035,
    "max": 299.876035,
    "std": 0.0
  },
  "cold_128_run4.json": {
    "n": 1,
    "avg": 399.515541,
    "p50": 399.515541,
    "p95": 399.515541,
    "p99": 399.515541,
    "min": 399.515541,
    "max": 399.515541,
    "std": 0.0
  },
  "cold_128_run5.json": {
    "n": 1,
    "avg": 323.545597,
    "p50": 323.545597,
    "p95": 323.545597,
    "p99": 323.545597,
    "min": 323.545597,
    "max": 323.545597,
    "std": 0.0
  },
  "cold_128_run6.json": {
    "n": 1,
    "avg": 309.198924,
    "p50": 309.198924,
    "p95": 309.198924,
    "p99": 309.198924,
    "min": 309.198924,
    "max": 309.198924,
    "std": 0.0
  },
  "cold_512_run1.json": {
    "n": 1,
    "avg": 374.772862,
    "p50": 374.772862,
    "p95": 374.772862,
    "p99": 374.772862,
    "min": 374.772862,
    "max": 374.772862,
    "std": 0.0
  },
  "cold_512_run2.json": {
    "n": 1,
    "avg": 350.051181,
    "p50": 350.051181,
    "p95": 350.051181,
    "p99": 350.051181,
    "min": 350.051181,
    "max": 350.051181,
    "std": 0.0
  },
  "cold_512_run3.json": {
    "n": 1,
    "avg": 337.167575,
    "p50": 337.167575,
    "p95": 337.167575,
    "p99": 337.167575,
    "min": 337.167575,
    "max": 337.167575,
    "std": 0.0
  },
  "cold_512_run4.json": {
    "n": 1,
    "avg": 439.067981,
    "p50": 439.067981,
    "p95": 439.067981,
    "p99": 439.067981,
    "min": 439.067981,
    "max": 439.067981,
    "std": 0.0
  },
  "cold_512_run5.json": {
    "n": 1,
    "avg": 326.53332,
    "p50": 326.53332,
    "p95": 326.53332,
    "p99": 326.53332,
    "min": 326.53332,
    "max": 326.53332,
    "std": 0.0
  },
  "cold_512_run6.json": {
    "n": 1,
    "avg": 352.064927,
    "p50": 352.064927,
    "p95": 352.064927,
    "p99": 352.064927,
    "min": 352.064927,
    "max": 352.064927,
    "std": 0.0
  },
  "phase2_run1.json": {
    "n": 252735,
    "avg": 73.36719825010687,
    "p50": 72.4045,
    "p95": 81.649451,
    "p99": 86.068213,
    "min": 63.532913,
    "max": 368.270564,
    "std": 6.854512729788456
  },
  "phase2_run2.json": {
    "n": 252207,
    "avg": 73.52126031626648,
    "p50": 73.140714,
    "p95": 81.632071,
    "p99": 86.873588,
    "min": 63.540142,
    "max": 347.021023,
    "std": 6.860061823569205
  },
  "phase2_run3.json": {
    "n": 251105,
    "avg": 73.84018354380008,
    "p50": 71.987494,
    "p95": 82.249681,
    "p99": 89.492358,
    "min": 64.152224,
    "max": 368.772472,
    "std": 6.550359026135806
  },
  "phase2_run4.json": {
    "n": 251009,
    "avg": 73.86872232936881,
    "p50": 72.145277,
    "p95": 82.296623,
    "p99": 89.172313,
    "min": 64.029856,
    "max": 297.983162,
    "std": 6.465450722079491
  },
  "phase2_run5.json": {
    "n": 251977,
    "avg": 73.58384856083623,
    "p50": 72.070226,
    "p95": 82.003997,
    "p99": 87.89788,
    "min": 63.156101,
    "max": 414.605796,
    "std": 6.922774935058359
  },
  "phase2_run6.json": {
    "n": 250841,
    "avg": 73.91912187667275,
    "p50": 73.110409,
    "p95": 82.375136,
    "p99": 89.98977,
    "min": 63.463107,
    "max": 278.484505,
    "std": 6.946723768897624
  },
  "phase3_run1.json": {
    "n": 600,
    "avg": 70.0743885433334,
    "p50": 69.636323,
    "p95": 73.673819,
    "p99": 82.281237,
    "min": 65.599493,
    "max": 132.788161,
    "std": 3.911998208452497
  },
  "phase3_run2.json": {
    "n": 1501,
    "avg": 69.62382231978683,
    "p50": 68.758198,
    "p95": 76.034941,
    "p99": 79.899774,
    "min": 64.929632,
    "max": 140.407015,
    "std": 3.789219888631114
  },
  "phase3_run3.json": {
    "n": 3001,
    "avg": 72.97018138887037,
    "p50": 71.03318,
    "p95": 81.359395,
    "p99": 84.095479,
    "min": 64.275844,
    "max": 114.287969,
    "std": 5.887090920493891
  },
  "phase3_run4.json": {
    "n": 4500,
    "avg": 70.68070565488892,
    "p50": 68.943757,
    "p95": 79.621242,
    "p99": 86.220816,
    "min": 64.516145,
    "max": 151.296464,
    "std": 4.905717720888494
  },
  "phase3_run5.json": {
    "n": 6001,
    "avg": 72.23244930544918,
    "p50": 69.711752,
    "p95": 80.342593,
    "p99": 84.373352,
    "min": 64.844743,
    "max": 161.585915,
    "std": 5.529877155102647
  },
  "phase3_run6.json": {
    "n": 9000,
    "avg": 73.04428202766682,
    "p50": 71.596039,
    "p95": 81.789013,
    "p99": 88.141441,
    "min": 63.859139,
    "max": 157.017348,
    "std": 5.996602795765743
  },
  "phase3_run7.json": {
    "n": 11981,
    "avg": 72.74756404665752,
    "p50": 69.467691,
    "p95": 81.790953,
    "p99": 95.694706,
    "min": 64.461132,
    "max": 358.753483,
    "std": 12.56626333452432
  },
  "phase3_run8.json": {
    "n": 17939,
    "avg": 74.25150494224876,
    "p50": 71.975503,
    "p95": 82.220941,
    "p99": 99.480636,
    "min": 63.976194,
    "max": 354.460194,
    "std": 15.31448758302383
  },
  "phase3_run9.json": {
    "n": 29866,
    "avg": 74.77765108417589,
    "p50": 74.866431,
    "p95": 82.166709,
    "p99": 97.619037,
    "min": 63.753768,
    "max": 368.932422,
    "std": 11.92641910342426
  },
  "warm_128_run1.json": {
    "n": 1,
    "avg": 101.986526,
    "p50": 101.986526,
    "p95": 101.986526,
    "p99": 101.986526,
    "min": 101.986526,
    "max": 101.986526,
    "std": 0.0
  },
  "warm_128_run2.json": {
    "n": 1,
    "avg": 76.576909,
    "p50": 76.576909,
    "p95": 76.576909,
    "p99": 76.576909,
    "min": 76.576909,
    "max": 76.576909,
    "std": 0.0
  },
  "warm_128_run3.json": {
    "n": 1,
    "avg": 99.237269,
    "p50": 99.237269,
    "p95": 99.237269,
    "p99": 99.237269,
    "min": 99.237269,
    "max": 99.237269,
    "std": 0.0
  },
  "warm_128_run4.json": {
    "n": 1,
    "avg": 94.942248,
    "p50": 94.942248,
    "p95": 94.942248,
    "p99": 94.942248,
    "min": 94.942248,
    "max": 94.942248,
    "std": 0.0
  },
  "warm_128_run5.json": {
    "n": 1,
    "avg": 95.847922,
    "p50": 95.847922,
    "p95": 95.847922,
    "p99": 95.847922,
    "min": 95.847922,
    "max": 95.847922,
    "std": 0.0
  },
  "warm_128_run6.json": {
    "n": 1,
    "avg": 95.085963,
    "p50": 95.085963,
    "p95": 95.085963,
    "p99": 95.085963,
    "min": 95.085963,
    "max": 95.085963,
    "std": 0.0
  },
  "warm_512_run1.json": {
    "n": 1,
    "avg": 78.061794,
    "p50": 78.061794,
    "p95": 78.061794,
    "p99": 78.061794,
    "min": 78.061794,
    "max": 78.061794,
    "std": 0.0
  },
  "warm_512_run2.json": {
    "n": 1,
    "avg": 70.015938,
    "p50": 70.015938,
    "p95": 70.015938,
    "p99": 70.015938,
    "min": 70.015938,
    "max": 70.015938,
    "std": 0.0
  },
  "warm_512_run3.json": {
    "n": 1,
    "avg": 114.590912,
    "p50": 114.590912,
    "p95": 114.590912,
    "p99": 114.590912,
    "min": 114.590912,
    "max": 114.590912,
    "std": 0.0
  },
  "warm_512_run4.json": {
    "n": 1,
    "avg": 99.128239,
    "p50": 99.128239,
    "p95": 99.128239,
    "p99": 99.128239,
    "min": 99.128239,
    "max": 99.128239,
    "std": 0.0
  },
  "warm_512_run5.json": {
    "n": 1,
    "avg": 104.996286,
    "p50": 104.996286,
    "p95": 104.996286,
    "p99": 104.996286,
    "min": 104.996286,
    "max": 104.996286,
    "std": 0.0
  },
  "warm_512_run6.json": {
    "n": 1,
    "avg": 88.624124,
    "p50": 88.624124,
    "p95": 88.624124,
    "p99": 88.624124,
    "min": 88.624124,
    "max": 88.624124,
    "std": 0.0
  }
}